<?xml version='1.0' encoding='UTF-8'?>
<odoo>
    <data noupdate="1">

        <record id="base.res_partner_1" model="res.partner">
            <field name="l10n_mx_type_of_operation">85</field>
            <field name="vat">XEXX010101000</field>
        </record>

        <record id="base.res_partner_3" model="res.partner">
            <field name="l10n_mx_type_of_operation">85</field>
            <field name="vat">XEXX010101000</field>
        </record>

        <record id="base.res_partner_4" model="res.partner">
            <field name="l10n_mx_type_of_operation">85</field>
            <field name="vat">XEXX010101000</field>
        </record>

        <record id="base.res_partner_12" model="res.partner">
            <field name="l10n_mx_type_of_operation">85</field>
            <field name="country_id" ref="base.mx"/>
            <field name="vat">XAXX010101000</field>
        </record>

     </data>
</odoo>
