<?xml version="1.0" encoding="UTF-8"?>
<odoo>

    <data noupdate="1">

        <record id="timesheet_line_rule_helpdesk_user" model="ir.rule">
            <field name="name">account.analytic.line.helpdesk.user</field>
            <field name="model_id" ref="analytic.model_account_analytic_line"/>
            <field name="domain_force">[('user_id', '=', user.id), ('helpdesk_ticket_id', '!=', False)]</field>
            <field name="groups" eval="[(4, ref('helpdesk.group_helpdesk_user'))]"/>
            <field name="perm_create" eval="1"/>
            <field name="perm_write" eval="1"/>
            <field name="perm_unlink" eval="1"/>
            <field name="perm_read" eval="0"/>
        </record>

        <record id="timesheet_line_rule_helpdesk_manager" model="ir.rule">
            <field name="name">account.analytic.line.timesheet.manager</field>
            <field name="model_id" ref="analytic.model_account_analytic_line"/>
            <field name="domain_force">[('helpdesk_ticket_id', '!=', False)]</field>
            <field name="groups" eval="[(4, ref('helpdesk.group_helpdesk_manager'))]"/>
            <field name="perm_create" eval="1"/>
            <field name="perm_write" eval="1"/>
            <field name="perm_unlink" eval="1"/>
            <field name="perm_read" eval="0"/>
        </record>

    </data>

</odoo>