<?xml version="1.0" encoding="utf-8"?>
<odoo>
    <data>
        <template id="intrastat_report_export_xml_items" inherit_id="l10n_be_intrastat.intrastat_report_export_xml_items">
            <xpath expr="//Dim[@prop='EXUNITS']" position="after">
                <Dim prop="EXCNTORI"
                     t-if="expedition"
                     t-esc="item['intrastat_product_origin_country']"/>
                <Dim prop="PARTNERID"
                     t-if="expedition"
                     t-esc="item['partner_vat']"/>
            </xpath>
        </template>

    </data>
</odoo>
