<?xml version="1.0"?>
<odoo noupdate="1">

    <record id="ir_cron_cancellation_invoices_open_to_cancel" model="ir.cron">
        <field name="name">Cancellation: Invoices open and to-cancel</field>
        <field name="model_id" ref="account.model_account_invoice"/>
        <field name="state">code</field>
        <field name="code">
env['account.invoice'].l10n_mx_edi_action_open_to_cancel()
        </field>
        <field name="user_id" ref="base.user_root"/>
        <field name="interval_number">1</field>
        <field name="interval_type">hours</field>
        <field name="numbercall">-1</field>
        <field name="doall" eval="True"/>
    </record>

    <record id="ir_cron_cancellation_invoices_cancel_signed_sat" model="ir.cron">
        <field name="name">Cancellation: Invoices canceled and signed in SAT</field>
        <field name="model_id" ref="account.model_account_invoice"/>
        <field name="state">code</field>
        <field name="code">
env['account.invoice'].l10n_mx_edi_action_cancel_signed_sat()
        </field>
        <field name="user_id" ref="base.user_root"/>
        <field name="interval_number">1</field>
        <field name="interval_type">hours</field>
        <field name="numbercall">-1</field>
        <field name="doall" eval="True"/>
    </record>
</odoo>
