<?xml version="1.0" encoding="utf-8"?>
<odoo noupdate="1">
    <record model="ir.actions.server" id="l10n_mx_edi_revert_cancellation">
        <field name="name">Revert CFDI Cancellation</field>
        <field name="model_id" ref="account.model_account_invoice"/>
        <field name="state">code</field>
        <field name="sequence">5</field>
        <field name="binding_model_id" ref="account.model_account_invoice"/>
        <field name="binding_type">action</field>
        <field name="code">
records.l10n_mx_edi_action_revert_cancellation()
        </field>
    </record>
</odoo>
